,orderId,session,duration,orderType,instrument,instruction,quantity,quantity,filledQuantity,status,enteredTime
0,1898273573,NORMAL,DAY,MARKET,"{'assetType': 'EQUITY', 'cusip': '882508104', 'symbol': 'TXN'}",BUY,4.0,4.0,0.0,REJECTED,2021-01-10T16:45:59+0000
1,1898273572,NORMAL,DAY,MARKET,"{'assetType': 'EQUITY', 'cusip': '855244109', 'symbol': 'SBUX'}",BUY,4.0,4.0,0.0,REJECTED,2021-01-10T16:45:58+0000
2,1898273575,NORMAL,DAY,MARKET,"{'assetType': 'EQUITY', 'cusip': '92826C839', 'symbol': 'V'}",BUY,4.0,4.0,0.0,REJECTED,2021-01-10T16:46:00+0000
3,1898273574,NORMAL,DAY,MARKET,"{'assetType': 'EQUITY', 'cusip': '91324P102', 'symbol': 'UNH'}",BUY,4.0,4.0,0.0,REJECTED,2021-01-10T16:45:59+0000
4,1898273569,NORMAL,DAY,MARKET,"{'assetType': 'EQUITY', 'cusip': '478160104', 'symbol': 'JNJ'}",BUY,4.0,4.0,0.0,REJECTED,2021-01-10T16:45:56+0000
5,1898273568,NORMAL,DAY,MARKET,"{'assetType': 'EQUITY', 'cusip': '452308109', 'symbol': 'ITW'}",BUY,4.0,4.0,0.0,REJECTED,2021-01-10T16:45:55+0000
6,1898273571,NORMAL,DAY,MARKET,"{'assetType': 'EQUITY', 'cusip': '88579Y101', 'symbol': 'MMM'}",BUY,4.0,4.0,0.0,REJECTED,2021-01-10T16:45:57+0000
7,1898273570,NORMAL,DAY,MARKET,"{'assetType': 'EQUITY', 'cusip': 'G5960L103', 'symbol': 'MDT'}",BUY,4.0,4.0,0.0,REJECTED,2021-01-10T16:45:57+0000
8,1898273581,NORMAL,DAY,MARKET,"{'assetType': 'EQUITY', 'cusip': 'G1151C101', 'symbol': 'ACN'}",BUY,4.0,4.0,0.0,REJECTED,2021-01-10T16:50:34+0000
9,1898273583,NORMAL,DAY,MARKET,"{'assetType': 'EQUITY', 'cusip': '038222105', 'symbol': 'AMAT'}",BUY,4.0,4.0,0.0,REJECTED,2021-01-10T16:50:35+0000
10,1898273582,NORMAL,DAY,MARKET,"{'assetType': 'EQUITY', 'cusip': '053015103', 'symbol': 'ADP'}",BUY,4.0,4.0,0.0,REJECTED,2021-01-10T16:50:35+0000
11,1898273589,NORMAL,DAY,MARKET,"{'assetType': 'EQUITY', 'cusip': '452308109', 'symbol': 'ITW'}",BUY,4.0,4.0,0.0,REJECTED,2021-01-10T16:50:39+0000
12,1898273588,NORMAL,DAY,MARKET,"{'assetType': 'EQUITY', 'cusip': '458140100', 'symbol': 'INTC'}",BUY,4.0,4.0,0.0,REJECTED,2021-01-10T16:50:39+0000
13,1898273591,NORMAL,DAY,MARKET,"{'assetType': 'EQUITY', 'cusip': 'G5960L103', 'symbol': 'MDT'}",BUY,4.0,4.0,0.0,REJECTED,2021-01-10T16:50:41+0000
14,1898273590,NORMAL,DAY,MARKET,"{'assetType': 'EQUITY', 'cusip': '478160104', 'symbol': 'JNJ'}",BUY,4.0,4.0,0.0,REJECTED,2021-01-10T16:50:40+0000
15,1898273585,NORMAL,DAY,MARKET,"{'assetType': 'EQUITY', 'cusip': '084670702', 'symbol': 'BRK.B'}",BUY,4.0,4.0,0.0,REJECTED,2021-01-10T16:50:36+0000
16,1898273584,NORMAL,DAY,MARKET,"{'assetType': 'EQUITY', 'cusip': '110122108', 'symbol': 'BMY'}",BUY,4.0,4.0,0.0,REJECTED,2021-01-10T16:50:36+0000
17,1898273587,NORMAL,DAY,MARKET,"{'assetType': 'EQUITY', 'cusip': '438516106', 'symbol': 'HON'}",BUY,4.0,4.0,0.0,REJECTED,2021-01-10T16:50:38+0000
18,1898273586,NORMAL,DAY,MARKET,"{'assetType': 'EQUITY', 'cusip': '254687106', 'symbol': 'DIS'}",BUY,4.0,4.0,0.0,REJECTED,2021-01-10T16:50:37+0000
19,1898273596,NORMAL,DAY,MARKET,"{'assetType': 'EQUITY', 'cusip': '92826C839', 'symbol': 'V'}",BUY,4.0,4.0,0.0,REJECTED,2021-01-10T16:50:43+0000
20,1898273599,NORMAL,DAY,MARKET,"{'assetType': 'EQUITY', 'cusip': '053015103', 'symbol': 'ADP'}",BUY,4.0,4.0,0.0,REJECTED,2021-01-10T16:57:43+0000
21,1898273598,NORMAL,DAY,MARKET,"{'assetType': 'EQUITY', 'cusip': 'G1151C101', 'symbol': 'ACN'}",BUY,4.0,4.0,0.0,REJECTED,2021-01-10T16:57:43+0000
22,1898273593,NORMAL,DAY,MARKET,"{'assetType': 'EQUITY', 'cusip': '855244109', 'symbol': 'SBUX'}",BUY,4.0,4.0,0.0,REJECTED,2021-01-10T16:50:42+0000
23,1898273592,NORMAL,DAY,MARKET,"{'assetType': 'EQUITY', 'cusip': '88579Y101', 'symbol': 'MMM'}",BUY,4.0,4.0,0.0,REJECTED,2021-01-10T16:50:41+0000
24,1898273595,NORMAL,DAY,MARKET,"{'assetType': 'EQUITY', 'cusip': '91324P102', 'symbol': 'UNH'}",BUY,4.0,4.0,0.0,REJECTED,2021-01-10T16:50:43+0000
25,1898273594,NORMAL,DAY,MARKET,"{'assetType': 'EQUITY', 'cusip': '882508104', 'symbol': 'TXN'}",BUY,4.0,4.0,0.0,REJECTED,2021-01-10T16:50:42+0000
26,1898273541,NORMAL,DAY,MARKET,"{'assetType': 'EQUITY', 'cusip': '254687106', 'symbol': 'DIS'}",BUY,4.0,4.0,0.0,REJECTED,2021-01-10T16:40:34+0000
27,1898273540,NORMAL,DAY,MARKET,"{'assetType': 'EQUITY', 'cusip': '084670702', 'symbol': 'BRK.B'}",BUY,4.0,4.0,0.0,REJECTED,2021-01-10T16:40:33+0000
28,1898273543,NORMAL,DAY,MARKET,"{'assetType': 'EQUITY', 'cusip': '458140100', 'symbol': 'INTC'}",BUY,4.0,4.0,0.0,REJECTED,2021-01-10T16:40:35+0000
29,1898273542,NORMAL,DAY,MARKET,"{'assetType': 'EQUITY', 'cusip': '438516106', 'symbol': 'HON'}",BUY,4.0,4.0,0.0,REJECTED,2021-01-10T16:40:35+0000
30,1898273537,NORMAL,DAY,MARKET,"{'assetType': 'EQUITY', 'cusip': '053015103', 'symbol': 'ADP'}",BUY,4.0,4.0,0.0,REJECTED,2021-01-10T16:40:32+0000
31,1898273536,NORMAL,DAY,MARKET,"{'assetType': 'EQUITY', 'cusip': 'G1151C101', 'symbol': 'ACN'}",BUY,4.0,4.0,0.0,REJECTED,2021-01-10T16:40:32+0000
32,1898273539,NORMAL,DAY,MARKET,"{'assetType': 'EQUITY', 'cusip': '110122108', 'symbol': 'BMY'}",BUY,4.0,4.0,0.0,REJECTED,2021-01-10T16:40:33+0000
33,1898273538,NORMAL,DAY,MARKET,"{'assetType': 'EQUITY', 'cusip': '038222105', 'symbol': 'AMAT'}",BUY,4.0,4.0,0.0,REJECTED,2021-01-10T16:40:33+0000
34,1898273549,NORMAL,DAY,MARKET,"{'assetType': 'EQUITY', 'cusip': '882508104', 'symbol': 'TXN'}",BUY,4.0,4.0,0.0,REJECTED,2021-01-10T16:40:38+0000
35,1898273548,NORMAL,DAY,MARKET,"{'assetType': 'EQUITY', 'cusip': '855244109', 'symbol': 'SBUX'}",BUY,4.0,4.0,0.0,REJECTED,2021-01-10T16:40:38+0000
36,1898273551,NORMAL,DAY,MARKET,"{'assetType': 'EQUITY', 'cusip': '92826C839', 'symbol': 'V'}",BUY,4.0,4.0,0.0,REJECTED,2021-01-10T16:40:40+0000
37,1898273550,NORMAL,DAY,MARKET,"{'assetType': 'EQUITY', 'cusip': '91324P102', 'symbol': 'UNH'}",BUY,4.0,4.0,0.0,REJECTED,2021-01-10T16:40:39+0000
38,1898273545,NORMAL,DAY,MARKET,"{'assetType': 'EQUITY', 'cusip': '478160104', 'symbol': 'JNJ'}",BUY,4.0,4.0,0.0,REJECTED,2021-01-10T16:40:36+0000
39,1898273544,NORMAL,DAY,MARKET,"{'assetType': 'EQUITY', 'cusip': '452308109', 'symbol': 'ITW'}",BUY,4.0,4.0,0.0,REJECTED,2021-01-10T16:40:36+0000
40,1898273547,NORMAL,DAY,MARKET,"{'assetType': 'EQUITY', 'cusip': '88579Y101', 'symbol': 'MMM'}",BUY,4.0,4.0,0.0,REJECTED,2021-01-10T16:40:37+0000
41,1898273546,NORMAL,DAY,MARKET,"{'assetType': 'EQUITY', 'cusip': 'G5960L103', 'symbol': 'MDT'}",BUY,4.0,4.0,0.0,REJECTED,2021-01-10T16:40:37+0000
42,1898273565,NORMAL,DAY,MARKET,"{'assetType': 'EQUITY', 'cusip': '254687106', 'symbol': 'DIS'}",BUY,4.0,4.0,0.0,REJECTED,2021-01-10T16:45:54+0000
43,1898273564,NORMAL,DAY,MARKET,"{'assetType': 'EQUITY', 'cusip': '084670702', 'symbol': 'BRK.B'}",BUY,4.0,4.0,0.0,REJECTED,2021-01-10T16:45:53+0000
44,1898273567,NORMAL,DAY,MARKET,"{'assetType': 'EQUITY', 'cusip': '458140100', 'symbol': 'INTC'}",BUY,4.0,4.0,0.0,REJECTED,2021-01-10T16:45:55+0000
45,1898273566,NORMAL,DAY,MARKET,"{'assetType': 'EQUITY', 'cusip': '438516106', 'symbol': 'HON'}",BUY,4.0,4.0,0.0,REJECTED,2021-01-10T16:45:54+0000
46,1898273561,NORMAL,DAY,MARKET,"{'assetType': 'EQUITY', 'cusip': '053015103', 'symbol': 'ADP'}",BUY,4.0,4.0,0.0,REJECTED,2021-01-10T16:45:52+0000
47,1898273560,NORMAL,DAY,MARKET,"{'assetType': 'EQUITY', 'cusip': 'G1151C101', 'symbol': 'ACN'}",BUY,4.0,4.0,0.0,REJECTED,2021-01-10T16:45:51+0000
48,1898273563,NORMAL,DAY,MARKET,"{'assetType': 'EQUITY', 'cusip': '110122108', 'symbol': 'BMY'}",BUY,4.0,4.0,0.0,REJECTED,2021-01-10T16:45:53+0000
49,1898273562,NORMAL,DAY,MARKET,"{'assetType': 'EQUITY', 'cusip': '038222105', 'symbol': 'AMAT'}",BUY,4.0,4.0,0.0,REJECTED,2021-01-10T16:45:53+0000
50,1898273605,NORMAL,DAY,MARKET,"{'assetType': 'EQUITY', 'cusip': '458140100', 'symbol': 'INTC'}",BUY,4.0,4.0,0.0,REJECTED,2021-01-10T16:57:46+0000
51,1898273604,NORMAL,DAY,MARKET,"{'assetType': 'EQUITY', 'cusip': '438516106', 'symbol': 'HON'}",BUY,4.0,4.0,0.0,REJECTED,2021-01-10T16:57:46+0000
52,1898273607,NORMAL,DAY,MARKET,"{'assetType': 'EQUITY', 'cusip': '478160104', 'symbol': 'JNJ'}",BUY,4.0,4.0,0.0,REJECTED,2021-01-10T16:57:47+0000
53,1898273606,NORMAL,DAY,MARKET,"{'assetType': 'EQUITY', 'cusip': '452308109', 'symbol': 'ITW'}",BUY,4.0,4.0,0.0,REJECTED,2021-01-10T16:57:47+0000
54,1898273601,NORMAL,DAY,MARKET,"{'assetType': 'EQUITY', 'cusip': '110122108', 'symbol': 'BMY'}",BUY,4.0,4.0,0.0,REJECTED,2021-01-10T16:57:44+0000
55,1898273600,NORMAL,DAY,MARKET,"{'assetType': 'EQUITY', 'cusip': '038222105', 'symbol': 'AMAT'}",BUY,4.0,4.0,0.0,REJECTED,2021-01-10T16:57:44+0000
56,1898273603,NORMAL,DAY,MARKET,"{'assetType': 'EQUITY', 'cusip': '254687106', 'symbol': 'DIS'}",BUY,4.0,4.0,0.0,REJECTED,2021-01-10T16:57:45+0000
57,1898273602,NORMAL,DAY,MARKET,"{'assetType': 'EQUITY', 'cusip': '084670702', 'symbol': 'BRK.B'}",BUY,4.0,4.0,0.0,REJECTED,2021-01-10T16:57:45+0000
58,1898273613,NORMAL,DAY,MARKET,"{'assetType': 'EQUITY', 'cusip': '92826C839', 'symbol': 'V'}",BUY,4.0,4.0,0.0,REJECTED,2021-01-10T16:57:50+0000
59,1898273612,NORMAL,DAY,MARKET,"{'assetType': 'EQUITY', 'cusip': '91324P102', 'symbol': 'UNH'}",BUY,4.0,4.0,0.0,REJECTED,2021-01-10T16:57:50+0000
60,1898273609,NORMAL,DAY,MARKET,"{'assetType': 'EQUITY', 'cusip': '88579Y101', 'symbol': 'MMM'}",BUY,4.0,4.0,0.0,REJECTED,2021-01-10T16:57:48+0000
61,1898273608,NORMAL,DAY,MARKET,"{'assetType': 'EQUITY', 'cusip': 'G5960L103', 'symbol': 'MDT'}",BUY,4.0,4.0,0.0,REJECTED,2021-01-10T16:57:48+0000
62,1898273611,NORMAL,DAY,MARKET,"{'assetType': 'EQUITY', 'cusip': '882508104', 'symbol': 'TXN'}",BUY,4.0,4.0,0.0,REJECTED,2021-01-10T16:57:49+0000
63,1898273610,NORMAL,DAY,MARKET,"{'assetType': 'EQUITY', 'cusip': '855244109', 'symbol': 'SBUX'}",BUY,4.0,4.0,0.0,REJECTED,2021-01-10T16:57:49+0000
64,1898273254,NORMAL,DAY,MARKET,"{'assetType': 'EQUITY', 'cusip': 'G1151C101', 'symbol': 'ACN'}",BUY,4.0,4.0,0.0,REJECTED,2021-01-10T15:42:47+0000
65,1898273250,NORMAL,DAY,MARKET,"{'assetType': 'EQUITY', 'cusip': 'G1151C101', 'symbol': 'ACN'}",BUY,4000.0,4000.0,0.0,REJECTED,2021-01-10T15:35:42+0000
66,1898273260,NORMAL,DAY,MARKET,"{'assetType': 'EQUITY', 'cusip': 'G1151C101', 'symbol': 'ACN'}",BUY,4.0,4.0,0.0,REJECTED,2021-01-10T15:46:33+0000
67,1898273262,NORMAL,DAY,MARKET,"{'assetType': 'EQUITY', 'cusip': 'G1151C101', 'symbol': 'ACN'}",BUY,4.0,4.0,0.0,REJECTED,2021-01-10T15:47:13+0000
68,1898273256,NORMAL,DAY,MARKET,"{'assetType': 'EQUITY', 'cusip': 'G1151C101', 'symbol': 'ACN'}",BUY,4.0,4.0,0.0,REJECTED,2021-01-10T15:43:19+0000
69,1898273259,NORMAL,DAY,MARKET,"{'assetType': 'EQUITY', 'cusip': 'G1151C101', 'symbol': 'ACN'}",BUY,4.0,4.0,0.0,REJECTED,2021-01-10T15:45:57+0000
70,1898273258,NORMAL,DAY,MARKET,"{'assetType': 'EQUITY', 'cusip': 'G1151C101', 'symbol': 'ACN'}",BUY,4.0,4.0,0.0,REJECTED,2021-01-10T15:44:08+0000
71,1898273269,NORMAL,DAY,MARKET,"{'assetType': 'EQUITY', 'cusip': '053015103', 'symbol': 'ADP'}",BUY,4.0,4.0,0.0,REJECTED,2021-01-10T15:54:19+0000
72,1898273268,NORMAL,DAY,MARKET,"{'assetType': 'EQUITY', 'cusip': 'G1151C101', 'symbol': 'ACN'}",BUY,4.0,4.0,0.0,REJECTED,2021-01-10T15:54:18+0000
73,1898273271,NORMAL,DAY,MARKET,"{'assetType': 'EQUITY', 'cusip': '110122108', 'symbol': 'BMY'}",BUY,4.0,4.0,0.0,REJECTED,2021-01-10T15:54:20+0000
74,1898273270,NORMAL,DAY,MARKET,"{'assetType': 'EQUITY', 'cusip': '038222105', 'symbol': 'AMAT'}",BUY,4.0,4.0,0.0,REJECTED,2021-01-10T15:54:19+0000
75,1898273264,NORMAL,DAY,MARKET,"{'assetType': 'EQUITY', 'cusip': 'G1151C101', 'symbol': 'ACN'}",BUY,4.0,4.0,0.0,REJECTED,2021-01-10T15:48:08+0000
76,1898273266,NORMAL,DAY,MARKET,"{'assetType': 'EQUITY', 'cusip': 'G1151C101', 'symbol': 'ACN'}",BUY,4.0,4.0,0.0,REJECTED,2021-01-10T15:49:18+0000
77,1898273277,NORMAL,DAY,MARKET,"{'assetType': 'EQUITY', 'cusip': '478160104', 'symbol': 'JNJ'}",BUY,4.0,4.0,0.0,REJECTED,2021-01-10T15:54:22+0000
78,1898273276,NORMAL,DAY,MARKET,"{'assetType': 'EQUITY', 'cusip': '452308109', 'symbol': 'ITW'}",BUY,4.0,4.0,0.0,REJECTED,2021-01-10T15:54:22+0000
79,1898273279,NORMAL,DAY,MARKET,"{'assetType': 'EQUITY', 'cusip': '88579Y101', 'symbol': 'MMM'}",BUY,4.0,4.0,0.0,REJECTED,2021-01-10T15:54:23+0000
80,1898273278,NORMAL,DAY,MARKET,"{'assetType': 'EQUITY', 'cusip': 'G5960L103', 'symbol': 'MDT'}",BUY,4.0,4.0,0.0,REJECTED,2021-01-10T15:54:23+0000
81,1898273273,NORMAL,DAY,MARKET,"{'assetType': 'EQUITY', 'cusip': '254687106', 'symbol': 'DIS'}",BUY,4.0,4.0,0.0,REJECTED,2021-01-10T15:54:20+0000
82,1898273272,NORMAL,DAY,MARKET,"{'assetType': 'EQUITY', 'cusip': '084670702', 'symbol': 'BRK.B'}",BUY,4.0,4.0,0.0,REJECTED,2021-01-10T15:54:20+0000
83,1898273275,NORMAL,DAY,MARKET,"{'assetType': 'EQUITY', 'cusip': '458140100', 'symbol': 'INTC'}",BUY,4.0,4.0,0.0,REJECTED,2021-01-10T15:54:21+0000
84,1898273274,NORMAL,DAY,MARKET,"{'assetType': 'EQUITY', 'cusip': '438516106', 'symbol': 'HON'}",BUY,4.0,4.0,0.0,REJECTED,2021-01-10T15:54:21+0000
85,1898273317,NORMAL,DAY,MARKET,"{'assetType': 'EQUITY', 'cusip': '855244109', 'symbol': 'SBUX'}",BUY,4.0,4.0,0.0,REJECTED,2021-01-10T16:04:58+0000
86,1898273316,NORMAL,DAY,MARKET,"{'assetType': 'EQUITY', 'cusip': '88579Y101', 'symbol': 'MMM'}",BUY,4.0,4.0,0.0,REJECTED,2021-01-10T16:04:58+0000
87,1898273319,NORMAL,DAY,MARKET,"{'assetType': 'EQUITY', 'cusip': '91324P102', 'symbol': 'UNH'}",BUY,4.0,4.0,0.0,REJECTED,2021-01-10T16:05:00+0000
88,1898273318,NORMAL,DAY,MARKET,"{'assetType': 'EQUITY', 'cusip': '882508104', 'symbol': 'TXN'}",BUY,4.0,4.0,0.0,REJECTED,2021-01-10T16:04:59+0000
89,1898273313,NORMAL,DAY,MARKET,"{'assetType': 'EQUITY', 'cusip': '452308109', 'symbol': 'ITW'}",BUY,4.0,4.0,0.0,REJECTED,2021-01-10T16:04:57+0000
90,1898273312,NORMAL,DAY,MARKET,"{'assetType': 'EQUITY', 'cusip': '458140100', 'symbol': 'INTC'}",BUY,4.0,4.0,0.0,REJECTED,2021-01-10T16:04:56+0000
91,1898273315,NORMAL,DAY,MARKET,"{'assetType': 'EQUITY', 'cusip': 'G5960L103', 'symbol': 'MDT'}",BUY,4.0,4.0,0.0,REJECTED,2021-01-10T16:04:58+0000
92,1898273314,NORMAL,DAY,MARKET,"{'assetType': 'EQUITY', 'cusip': '478160104', 'symbol': 'JNJ'}",BUY,4.0,4.0,0.0,REJECTED,2021-01-10T16:04:57+0000
93,1898273325,NORMAL,DAY,MARKET,"{'assetType': 'EQUITY', 'cusip': '084670702', 'symbol': 'BRK.B'}",BUY,4.0,4.0,0.0,REJECTED,2021-01-10T16:05:34+0000
94,1898273324,NORMAL,DAY,MARKET,"{'assetType': 'EQUITY', 'cusip': '110122108', 'symbol': 'BMY'}",BUY,4.0,4.0,0.0,REJECTED,2021-01-10T16:05:33+0000
95,1898273327,NORMAL,DAY,MARKET,"{'assetType': 'EQUITY', 'cusip': '438516106', 'symbol': 'HON'}",BUY,4.0,4.0,0.0,REJECTED,2021-01-10T16:05:35+0000
96,1898273326,NORMAL,DAY,MARKET,"{'assetType': 'EQUITY', 'cusip': '254687106', 'symbol': 'DIS'}",BUY,4.0,4.0,0.0,REJECTED,2021-01-10T16:05:34+0000
97,1898273321,NORMAL,DAY,MARKET,"{'assetType': 'EQUITY', 'cusip': 'G1151C101', 'symbol': 'ACN'}",BUY,4.0,4.0,0.0,REJECTED,2021-01-10T16:05:31+0000
98,1898273320,NORMAL,DAY,MARKET,"{'assetType': 'EQUITY', 'cusip': '92826C839', 'symbol': 'V'}",BUY,4.0,4.0,0.0,REJECTED,2021-01-10T16:05:00+0000
99,1898273323,NORMAL,DAY,MARKET,"{'assetType': 'EQUITY', 'cusip': '038222105', 'symbol': 'AMAT'}",BUY,4.0,4.0,0.0,REJECTED,2021-01-10T16:05:33+0000
100,1898273322,NORMAL,DAY,MARKET,"{'assetType': 'EQUITY', 'cusip': '053015103', 'symbol': 'ADP'}",BUY,4.0,4.0,0.0,REJECTED,2021-01-10T16:05:32+0000
101,1898273333,NORMAL,DAY,MARKET,"{'assetType': 'EQUITY', 'cusip': '855244109', 'symbol': 'SBUX'}",BUY,4.0,4.0,0.0,REJECTED,2021-01-10T16:05:37+0000
102,1898273332,NORMAL,DAY,MARKET,"{'assetType': 'EQUITY', 'cusip': '88579Y101', 'symbol': 'MMM'}",BUY,4.0,4.0,0.0,REJECTED,2021-01-10T16:05:37+0000
103,1898273335,NORMAL,DAY,MARKET,"{'assetType': 'EQUITY', 'cusip': '91324P102', 'symbol': 'UNH'}",BUY,4.0,4.0,0.0,REJECTED,2021-01-10T16:05:39+0000
104,1898273334,NORMAL,DAY,MARKET,"{'assetType': 'EQUITY', 'cusip': '882508104', 'symbol': 'TXN'}",BUY,4.0,4.0,0.0,REJECTED,2021-01-10T16:05:38+0000
105,1898273329,NORMAL,DAY,MARKET,"{'assetType': 'EQUITY', 'cusip': '452308109', 'symbol': 'ITW'}",BUY,4.0,4.0,0.0,REJECTED,2021-01-10T16:05:36+0000
106,1898273328,NORMAL,DAY,MARKET,"{'assetType': 'EQUITY', 'cusip': '458140100', 'symbol': 'INTC'}",BUY,4.0,4.0,0.0,REJECTED,2021-01-10T16:05:35+0000
107,1898273331,NORMAL,DAY,MARKET,"{'assetType': 'EQUITY', 'cusip': 'G5960L103', 'symbol': 'MDT'}",BUY,4.0,4.0,0.0,REJECTED,2021-01-10T16:05:36+0000
108,1898273330,NORMAL,DAY,MARKET,"{'assetType': 'EQUITY', 'cusip': '478160104', 'symbol': 'JNJ'}",BUY,4.0,4.0,0.0,REJECTED,2021-01-10T16:05:36+0000
109,1898273341,NORMAL,DAY,MARKET,"{'assetType': 'EQUITY', 'cusip': '110122108', 'symbol': 'BMY'}",BUY,4.0,4.0,0.0,REJECTED,2021-01-10T16:08:22+0000
110,1898273340,NORMAL,DAY,MARKET,"{'assetType': 'EQUITY', 'cusip': '038222105', 'symbol': 'AMAT'}",BUY,4.0,4.0,0.0,REJECTED,2021-01-10T16:08:21+0000
111,1898273343,NORMAL,DAY,MARKET,"{'assetType': 'EQUITY', 'cusip': '254687106', 'symbol': 'DIS'}",BUY,4.0,4.0,0.0,REJECTED,2021-01-10T16:08:23+0000
112,1898273342,NORMAL,DAY,MARKET,"{'assetType': 'EQUITY', 'cusip': '084670702', 'symbol': 'BRK.B'}",BUY,4.0,4.0,0.0,REJECTED,2021-01-10T16:08:22+0000
113,1898273336,NORMAL,DAY,MARKET,"{'assetType': 'EQUITY', 'cusip': '92826C839', 'symbol': 'V'}",BUY,4.0,4.0,0.0,REJECTED,2021-01-10T16:05:39+0000
114,1898273339,NORMAL,DAY,MARKET,"{'assetType': 'EQUITY', 'cusip': '053015103', 'symbol': 'ADP'}",BUY,4.0,4.0,0.0,REJECTED,2021-01-10T16:08:20+0000
115,1898273338,NORMAL,DAY,MARKET,"{'assetType': 'EQUITY', 'cusip': 'G1151C101', 'symbol': 'ACN'}",BUY,4.0,4.0,0.0,REJECTED,2021-01-10T16:08:20+0000
116,1898273281,NORMAL,DAY,MARKET,"{'assetType': 'EQUITY', 'cusip': '882508104', 'symbol': 'TXN'}",BUY,4.0,4.0,0.0,REJECTED,2021-01-10T15:54:24+0000
117,1898273280,NORMAL,DAY,MARKET,"{'assetType': 'EQUITY', 'cusip': '855244109', 'symbol': 'SBUX'}",BUY,4.0,4.0,0.0,REJECTED,2021-01-10T15:54:24+0000
118,1898273283,NORMAL,DAY,MARKET,"{'assetType': 'EQUITY', 'cusip': '92826C839', 'symbol': 'V'}",BUY,3.0,3.0,0.0,REJECTED,2021-01-10T15:54:25+0000
119,1898273282,NORMAL,DAY,MARKET,"{'assetType': 'EQUITY', 'cusip': '91324P102', 'symbol': 'UNH'}",BUY,4.0,4.0,0.0,REJECTED,2021-01-10T15:54:25+0000
120,1898273293,NORMAL,DAY,MARKET,"{'assetType': 'EQUITY', 'cusip': '084670702', 'symbol': 'BRK.B'}",BUY,4.0,4.0,0.0,REJECTED,2021-01-10T16:04:18+0000
121,1898273292,NORMAL,DAY,MARKET,"{'assetType': 'EQUITY', 'cusip': '110122108', 'symbol': 'BMY'}",BUY,4.0,4.0,0.0,REJECTED,2021-01-10T16:04:17+0000
122,1898273295,NORMAL,DAY,MARKET,"{'assetType': 'EQUITY', 'cusip': '438516106', 'symbol': 'HON'}",BUY,4.0,4.0,0.0,REJECTED,2021-01-10T16:04:19+0000
123,1898273294,NORMAL,DAY,MARKET,"{'assetType': 'EQUITY', 'cusip': '254687106', 'symbol': 'DIS'}",BUY,4.0,4.0,0.0,REJECTED,2021-01-10T16:04:18+0000
124,1898273289,NORMAL,DAY,MARKET,"{'assetType': 'EQUITY', 'cusip': 'G1151C101', 'symbol': 'ACN'}",BUY,4.0,4.0,0.0,REJECTED,2021-01-10T16:04:16+0000
125,1898273291,NORMAL,DAY,MARKET,"{'assetType': 'EQUITY', 'cusip': '038222105', 'symbol': 'AMAT'}",BUY,4.0,4.0,0.0,REJECTED,2021-01-10T16:04:17+0000
126,1898273290,NORMAL,DAY,MARKET,"{'assetType': 'EQUITY', 'cusip': '053015103', 'symbol': 'ADP'}",BUY,4.0,4.0,0.0,REJECTED,2021-01-10T16:04:16+0000
127,1898273301,NORMAL,DAY,MARKET,"{'assetType': 'EQUITY', 'cusip': '855244109', 'symbol': 'SBUX'}",BUY,4.0,4.0,0.0,REJECTED,2021-01-10T16:04:22+0000
128,1898273300,NORMAL,DAY,MARKET,"{'assetType': 'EQUITY', 'cusip': '88579Y101', 'symbol': 'MMM'}",BUY,4.0,4.0,0.0,REJECTED,2021-01-10T16:04:22+0000
129,1898273303,NORMAL,DAY,MARKET,"{'assetType': 'EQUITY', 'cusip': '91324P102', 'symbol': 'UNH'}",BUY,4.0,4.0,0.0,REJECTED,2021-01-10T16:04:23+0000
130,1898273302,NORMAL,DAY,MARKET,"{'assetType': 'EQUITY', 'cusip': '882508104', 'symbol': 'TXN'}",BUY,4.0,4.0,0.0,REJECTED,2021-01-10T16:04:23+0000
131,1898273297,NORMAL,DAY,MARKET,"{'assetType': 'EQUITY', 'cusip': '452308109', 'symbol': 'ITW'}",BUY,4.0,4.0,0.0,REJECTED,2021-01-10T16:04:20+0000
132,1898273296,NORMAL,DAY,MARKET,"{'assetType': 'EQUITY', 'cusip': '458140100', 'symbol': 'INTC'}",BUY,4.0,4.0,0.0,REJECTED,2021-01-10T16:04:20+0000
133,1898273299,NORMAL,DAY,MARKET,"{'assetType': 'EQUITY', 'cusip': 'G5960L103', 'symbol': 'MDT'}",BUY,4.0,4.0,0.0,REJECTED,2021-01-10T16:04:21+0000
134,1898273298,NORMAL,DAY,MARKET,"{'assetType': 'EQUITY', 'cusip': '478160104', 'symbol': 'JNJ'}",BUY,4.0,4.0,0.0,REJECTED,2021-01-10T16:04:21+0000
135,1898273309,NORMAL,DAY,MARKET,"{'assetType': 'EQUITY', 'cusip': '084670702', 'symbol': 'BRK.B'}",BUY,4.0,4.0,0.0,REJECTED,2021-01-10T16:04:55+0000
136,1898273308,NORMAL,DAY,MARKET,"{'assetType': 'EQUITY', 'cusip': '110122108', 'symbol': 'BMY'}",BUY,4.0,4.0,0.0,REJECTED,2021-01-10T16:04:54+0000
137,1898273311,NORMAL,DAY,MARKET,"{'assetType': 'EQUITY', 'cusip': '438516106', 'symbol': 'HON'}",BUY,4.0,4.0,0.0,REJECTED,2021-01-10T16:04:56+0000
138,1898273310,NORMAL,DAY,MARKET,"{'assetType': 'EQUITY', 'cusip': '254687106', 'symbol': 'DIS'}",BUY,4.0,4.0,0.0,REJECTED,2021-01-10T16:04:55+0000
139,1898273305,NORMAL,DAY,MARKET,"{'assetType': 'EQUITY', 'cusip': 'G1151C101', 'symbol': 'ACN'}",BUY,4.0,4.0,0.0,REJECTED,2021-01-10T16:04:53+0000
140,1898273304,NORMAL,DAY,MARKET,"{'assetType': 'EQUITY', 'cusip': '92826C839', 'symbol': 'V'}",BUY,4.0,4.0,0.0,REJECTED,2021-01-10T16:04:24+0000
141,1898273307,NORMAL,DAY,MARKET,"{'assetType': 'EQUITY', 'cusip': '038222105', 'symbol': 'AMAT'}",BUY,4.0,4.0,0.0,REJECTED,2021-01-10T16:04:54+0000
142,1898273306,NORMAL,DAY,MARKET,"{'assetType': 'EQUITY', 'cusip': '053015103', 'symbol': 'ADP'}",BUY,4.0,4.0,0.0,REJECTED,2021-01-10T16:04:53+0000
143,1898273381,NORMAL,DAY,MARKET,"{'assetType': 'EQUITY', 'cusip': 'G5960L103', 'symbol': 'MDT'}",BUY,4.0,4.0,0.0,REJECTED,2021-01-10T16:13:11+0000
144,1898273380,NORMAL,DAY,MARKET,"{'assetType': 'EQUITY', 'cusip': '478160104', 'symbol': 'JNJ'}",BUY,4.0,4.0,0.0,REJECTED,2021-01-10T16:13:10+0000
145,1898273383,NORMAL,DAY,MARKET,"{'assetType': 'EQUITY', 'cusip': '855244109', 'symbol': 'SBUX'}",BUY,4.0,4.0,0.0,REJECTED,2021-01-10T16:13:12+0000
146,1898273382,NORMAL,DAY,MARKET,"{'assetType': 'EQUITY', 'cusip': '88579Y101', 'symbol': 'MMM'}",BUY,4.0,4.0,0.0,REJECTED,2021-01-10T16:13:11+0000
147,1898273377,NORMAL,DAY,MARKET,"{'assetType': 'EQUITY', 'cusip': '438516106', 'symbol': 'HON'}",BUY,4.0,4.0,0.0,REJECTED,2021-01-10T16:13:09+0000
148,1898273376,NORMAL,DAY,MARKET,"{'assetType': 'EQUITY', 'cusip': '254687106', 'symbol': 'DIS'}",BUY,4.0,4.0,0.0,REJECTED,2021-01-10T16:13:08+0000
149,1898273379,NORMAL,DAY,MARKET,"{'assetType': 'EQUITY', 'cusip': '452308109', 'symbol': 'ITW'}",BUY,4.0,4.0,0.0,REJECTED,2021-01-10T16:13:10+0000
150,1898273378,NORMAL,DAY,MARKET,"{'assetType': 'EQUITY', 'cusip': '458140100', 'symbol': 'INTC'}",BUY,4.0,4.0,0.0,REJECTED,2021-01-10T16:13:09+0000
151,1898273389,NORMAL,DAY,MARKET,"{'assetType': 'EQUITY', 'cusip': '053015103', 'symbol': 'ADP'}",BUY,4.0,4.0,0.0,REJECTED,2021-01-10T16:14:22+0000
152,1898273388,NORMAL,DAY,MARKET,"{'assetType': 'EQUITY', 'cusip': 'G1151C101', 'symbol': 'ACN'}",BUY,4.0,4.0,0.0,REJECTED,2021-01-10T16:14:21+0000
153,1898273391,NORMAL,DAY,MARKET,"{'assetType': 'EQUITY', 'cusip': '110122108', 'symbol': 'BMY'}",BUY,4.0,4.0,0.0,REJECTED,2021-01-10T16:14:23+0000
154,1898273390,NORMAL,DAY,MARKET,"{'assetType': 'EQUITY', 'cusip': '038222105', 'symbol': 'AMAT'}",BUY,4.0,4.0,0.0,REJECTED,2021-01-10T16:14:23+0000
155,1898273385,NORMAL,DAY,MARKET,"{'assetType': 'EQUITY', 'cusip': '91324P102', 'symbol': 'UNH'}",BUY,4.0,4.0,0.0,REJECTED,2021-01-10T16:13:14+0000
156,1898273384,NORMAL,DAY,MARKET,"{'assetType': 'EQUITY', 'cusip': '882508104', 'symbol': 'TXN'}",BUY,4.0,4.0,0.0,REJECTED,2021-01-10T16:13:13+0000
157,1898273386,NORMAL,DAY,MARKET,"{'assetType': 'EQUITY', 'cusip': '92826C839', 'symbol': 'V'}",BUY,4.0,4.0,0.0,REJECTED,2021-01-10T16:13:14+0000
158,1898273397,NORMAL,DAY,MARKET,"{'assetType': 'EQUITY', 'cusip': '478160104', 'symbol': 'JNJ'}",BUY,4.0,4.0,0.0,REJECTED,2021-01-10T16:14:27+0000
159,1898273396,NORMAL,DAY,MARKET,"{'assetType': 'EQUITY', 'cusip': '452308109', 'symbol': 'ITW'}",BUY,4.0,4.0,0.0,REJECTED,2021-01-10T16:14:26+0000
160,1898273399,NORMAL,DAY,MARKET,"{'assetType': 'EQUITY', 'cusip': '88579Y101', 'symbol': 'MMM'}",BUY,4.0,4.0,0.0,REJECTED,2021-01-10T16:14:28+0000
161,1898273398,NORMAL,DAY,MARKET,"{'assetType': 'EQUITY', 'cusip': 'G5960L103', 'symbol': 'MDT'}",BUY,4.0,4.0,0.0,REJECTED,2021-01-10T16:14:28+0000
162,1898273393,NORMAL,DAY,MARKET,"{'assetType': 'EQUITY', 'cusip': '254687106', 'symbol': 'DIS'}",BUY,4.0,4.0,0.0,REJECTED,2021-01-10T16:14:24+0000
163,1898273392,NORMAL,DAY,MARKET,"{'assetType': 'EQUITY', 'cusip': '084670702', 'symbol': 'BRK.B'}",BUY,4.0,4.0,0.0,REJECTED,2021-01-10T16:14:24+0000
164,1898273395,NORMAL,DAY,MARKET,"{'assetType': 'EQUITY', 'cusip': '458140100', 'symbol': 'INTC'}",BUY,4.0,4.0,0.0,REJECTED,2021-01-10T16:14:26+0000
165,1898273394,NORMAL,DAY,MARKET,"{'assetType': 'EQUITY', 'cusip': '438516106', 'symbol': 'HON'}",BUY,4.0,4.0,0.0,REJECTED,2021-01-10T16:14:24+0000
166,1898273405,NORMAL,DAY,MARKET,"{'assetType': 'EQUITY', 'cusip': 'G1151C101', 'symbol': 'ACN'}",BUY,4.0,4.0,0.0,REJECTED,2021-01-10T16:15:06+0000
167,1898273407,NORMAL,DAY,MARKET,"{'assetType': 'EQUITY', 'cusip': '038222105', 'symbol': 'AMAT'}",BUY,4.0,4.0,0.0,REJECTED,2021-01-10T16:15:07+0000
168,1898273406,NORMAL,DAY,MARKET,"{'assetType': 'EQUITY', 'cusip': '053015103', 'symbol': 'ADP'}",BUY,4.0,4.0,0.0,REJECTED,2021-01-10T16:15:07+0000
169,1898273401,NORMAL,DAY,MARKET,"{'assetType': 'EQUITY', 'cusip': '882508104', 'symbol': 'TXN'}",BUY,4.0,4.0,0.0,REJECTED,2021-01-10T16:14:29+0000
170,1898273400,NORMAL,DAY,MARKET,"{'assetType': 'EQUITY', 'cusip': '855244109', 'symbol': 'SBUX'}",BUY,4.0,4.0,0.0,REJECTED,2021-01-10T16:14:29+0000
171,1898273403,NORMAL,DAY,MARKET,"{'assetType': 'EQUITY', 'cusip': '92826C839', 'symbol': 'V'}",BUY,4.0,4.0,0.0,REJECTED,2021-01-10T16:14:31+0000
172,1898273402,NORMAL,DAY,MARKET,"{'assetType': 'EQUITY', 'cusip': '91324P102', 'symbol': 'UNH'}",BUY,4.0,4.0,0.0,REJECTED,2021-01-10T16:14:30+0000
173,1898273349,NORMAL,DAY,MARKET,"{'assetType': 'EQUITY', 'cusip': '88579Y101', 'symbol': 'MMM'}",BUY,4.0,4.0,0.0,REJECTED,2021-01-10T16:08:27+0000
174,1898273348,NORMAL,DAY,MARKET,"{'assetType': 'EQUITY', 'cusip': 'G5960L103', 'symbol': 'MDT'}",BUY,4.0,4.0,0.0,REJECTED,2021-01-10T16:08:26+0000
175,1898273351,NORMAL,DAY,MARKET,"{'assetType': 'EQUITY', 'cusip': '882508104', 'symbol': 'TXN'}",BUY,4.0,4.0,0.0,REJECTED,2021-01-10T16:08:28+0000
176,1898273350,NORMAL,DAY,MARKET,"{'assetType': 'EQUITY', 'cusip': '855244109', 'symbol': 'SBUX'}",BUY,4.0,4.0,0.0,REJECTED,2021-01-10T16:08:27+0000
177,1898273345,NORMAL,DAY,MARKET,"{'assetType': 'EQUITY', 'cusip': '458140100', 'symbol': 'INTC'}",BUY,4.0,4.0,0.0,REJECTED,2021-01-10T16:08:24+0000
178,1898273344,NORMAL,DAY,MARKET,"{'assetType': 'EQUITY', 'cusip': '438516106', 'symbol': 'HON'}",BUY,4.0,4.0,0.0,REJECTED,2021-01-10T16:08:23+0000
179,1898273347,NORMAL,DAY,MARKET,"{'assetType': 'EQUITY', 'cusip': '478160104', 'symbol': 'JNJ'}",BUY,4.0,4.0,0.0,REJECTED,2021-01-10T16:08:25+0000
180,1898273346,NORMAL,DAY,MARKET,"{'assetType': 'EQUITY', 'cusip': '452308109', 'symbol': 'ITW'}",BUY,4.0,4.0,0.0,REJECTED,2021-01-10T16:08:24+0000
181,1898273357,NORMAL,DAY,MARKET,"{'assetType': 'EQUITY', 'cusip': '038222105', 'symbol': 'AMAT'}",BUY,4.0,4.0,0.0,REJECTED,2021-01-10T16:11:49+0000
182,1898273356,NORMAL,DAY,MARKET,"{'assetType': 'EQUITY', 'cusip': '053015103', 'symbol': 'ADP'}",BUY,4.0,4.0,0.0,REJECTED,2021-01-10T16:11:49+0000
183,1898273359,NORMAL,DAY,MARKET,"{'assetType': 'EQUITY', 'cusip': '084670702', 'symbol': 'BRK.B'}",BUY,4.0,4.0,0.0,REJECTED,2021-01-10T16:11:50+0000
184,1898273358,NORMAL,DAY,MARKET,"{'assetType': 'EQUITY', 'cusip': '110122108', 'symbol': 'BMY'}",BUY,4.0,4.0,0.0,REJECTED,2021-01-10T16:11:50+0000
185,1898273353,NORMAL,DAY,MARKET,"{'assetType': 'EQUITY', 'cusip': '92826C839', 'symbol': 'V'}",BUY,4.0,4.0,0.0,REJECTED,2021-01-10T16:08:29+0000
186,1898273352,NORMAL,DAY,MARKET,"{'assetType': 'EQUITY', 'cusip': '91324P102', 'symbol': 'UNH'}",BUY,4.0,4.0,0.0,REJECTED,2021-01-10T16:08:28+0000
187,1898273355,NORMAL,DAY,MARKET,"{'assetType': 'EQUITY', 'cusip': 'G1151C101', 'symbol': 'ACN'}",BUY,4.0,4.0,0.0,REJECTED,2021-01-10T16:11:48+0000
188,1898273365,NORMAL,DAY,MARKET,"{'assetType': 'EQUITY', 'cusip': 'G5960L103', 'symbol': 'MDT'}",BUY,4.0,4.0,0.0,REJECTED,2021-01-10T16:11:53+0000
189,1898273364,NORMAL,DAY,MARKET,"{'assetType': 'EQUITY', 'cusip': '478160104', 'symbol': 'JNJ'}",BUY,4.0,4.0,0.0,REJECTED,2021-01-10T16:11:53+0000
190,1898273367,NORMAL,DAY,MARKET,"{'assetType': 'EQUITY', 'cusip': '855244109', 'symbol': 'SBUX'}",BUY,4.0,4.0,0.0,REJECTED,2021-01-10T16:11:54+0000
191,1898273366,NORMAL,DAY,MARKET,"{'assetType': 'EQUITY', 'cusip': '88579Y101', 'symbol': 'MMM'}",BUY,4.0,4.0,0.0,REJECTED,2021-01-10T16:11:54+0000
192,1898273361,NORMAL,DAY,MARKET,"{'assetType': 'EQUITY', 'cusip': '438516106', 'symbol': 'HON'}",BUY,4.0,4.0,0.0,REJECTED,2021-01-10T16:11:51+0000
193,1898273360,NORMAL,DAY,MARKET,"{'assetType': 'EQUITY', 'cusip': '254687106', 'symbol': 'DIS'}",BUY,4.0,4.0,0.0,REJECTED,2021-01-10T16:11:51+0000
194,1898273363,NORMAL,DAY,MARKET,"{'assetType': 'EQUITY', 'cusip': '452308109', 'symbol': 'ITW'}",BUY,4.0,4.0,0.0,REJECTED,2021-01-10T16:11:52+0000
195,1898273362,NORMAL,DAY,MARKET,"{'assetType': 'EQUITY', 'cusip': '458140100', 'symbol': 'INTC'}",BUY,4.0,4.0,0.0,REJECTED,2021-01-10T16:11:52+0000
196,1898273373,NORMAL,DAY,MARKET,"{'assetType': 'EQUITY', 'cusip': '038222105', 'symbol': 'AMAT'}",BUY,4.0,4.0,0.0,REJECTED,2021-01-10T16:13:06+0000
197,1898273372,NORMAL,DAY,MARKET,"{'assetType': 'EQUITY', 'cusip': '053015103', 'symbol': 'ADP'}",BUY,4.0,4.0,0.0,REJECTED,2021-01-10T16:13:06+0000
198,1898273375,NORMAL,DAY,MARKET,"{'assetType': 'EQUITY', 'cusip': '084670702', 'symbol': 'BRK.B'}",BUY,4.0,4.0,0.0,REJECTED,2021-01-10T16:13:08+0000
199,1898273374,NORMAL,DAY,MARKET,"{'assetType': 'EQUITY', 'cusip': '110122108', 'symbol': 'BMY'}",BUY,4.0,4.0,0.0,REJECTED,2021-01-10T16:13:07+0000
200,1898273369,NORMAL,DAY,MARKET,"{'assetType': 'EQUITY', 'cusip': '91324P102', 'symbol': 'UNH'}",BUY,4.0,4.0,0.0,REJECTED,2021-01-10T16:11:55+0000
201,1898273368,NORMAL,DAY,MARKET,"{'assetType': 'EQUITY', 'cusip': '882508104', 'symbol': 'TXN'}",BUY,4.0,4.0,0.0,REJECTED,2021-01-10T16:11:55+0000
202,1898273371,NORMAL,DAY,MARKET,"{'assetType': 'EQUITY', 'cusip': 'G1151C101', 'symbol': 'ACN'}",BUY,4.0,4.0,0.0,REJECTED,2021-01-10T16:13:05+0000
203,1898273370,NORMAL,DAY,MARKET,"{'assetType': 'EQUITY', 'cusip': '92826C839', 'symbol': 'V'}",BUY,4.0,4.0,0.0,REJECTED,2021-01-10T16:11:56+0000
204,1898273445,NORMAL,DAY,MARKET,"{'assetType': 'EQUITY', 'cusip': '053015103', 'symbol': 'ADP'}",BUY,4.0,4.0,0.0,REJECTED,2021-01-10T16:18:25+0000
205,1898273444,NORMAL,DAY,MARKET,"{'assetType': 'EQUITY', 'cusip': 'G1151C101', 'symbol': 'ACN'}",BUY,4.0,4.0,0.0,REJECTED,2021-01-10T16:18:24+0000
206,1898273447,NORMAL,DAY,MARKET,"{'assetType': 'EQUITY', 'cusip': '110122108', 'symbol': 'BMY'}",BUY,4.0,4.0,0.0,REJECTED,2021-01-10T16:18:26+0000
207,1898273446,NORMAL,DAY,MARKET,"{'assetType': 'EQUITY', 'cusip': '038222105', 'symbol': 'AMAT'}",BUY,4.0,4.0,0.0,REJECTED,2021-01-10T16:18:26+0000
208,1898273441,NORMAL,DAY,MARKET,"{'assetType': 'EQUITY', 'cusip': '882508104', 'symbol': 'TXN'}",BUY,4.0,4.0,0.0,REJECTED,2021-01-10T16:16:23+0000
209,1898273440,NORMAL,DAY,MARKET,"{'assetType': 'EQUITY', 'cusip': '855244109', 'symbol': 'SBUX'}",BUY,4.0,4.0,0.0,REJECTED,2021-01-10T16:16:23+0000
210,1898273443,NORMAL,DAY,MARKET,"{'assetType': 'EQUITY', 'cusip': '92826C839', 'symbol': 'V'}",BUY,4.0,4.0,0.0,REJECTED,2021-01-10T16:16:24+0000
211,1898273442,NORMAL,DAY,MARKET,"{'assetType': 'EQUITY', 'cusip': '91324P102', 'symbol': 'UNH'}",BUY,4.0,4.0,0.0,REJECTED,2021-01-10T16:16:24+0000
212,1898273453,NORMAL,DAY,MARKET,"{'assetType': 'EQUITY', 'cusip': '478160104', 'symbol': 'JNJ'}",BUY,4.0,4.0,0.0,REJECTED,2021-01-10T16:18:29+0000
213,1898273452,NORMAL,DAY,MARKET,"{'assetType': 'EQUITY', 'cusip': '452308109', 'symbol': 'ITW'}",BUY,4.0,4.0,0.0,REJECTED,2021-01-10T16:18:29+0000
214,1898273455,NORMAL,DAY,MARKET,"{'assetType': 'EQUITY', 'cusip': '88579Y101', 'symbol': 'MMM'}",BUY,4.0,4.0,0.0,REJECTED,2021-01-10T16:18:30+0000
215,1898273454,NORMAL,DAY,MARKET,"{'assetType': 'EQUITY', 'cusip': 'G5960L103', 'symbol': 'MDT'}",BUY,4.0,4.0,0.0,REJECTED,2021-01-10T16:18:29+0000
216,1898273449,NORMAL,DAY,MARKET,"{'assetType': 'EQUITY', 'cusip': '254687106', 'symbol': 'DIS'}",BUY,4.0,4.0,0.0,REJECTED,2021-01-10T16:18:27+0000
217,1898273448,NORMAL,DAY,MARKET,"{'assetType': 'EQUITY', 'cusip': '084670702', 'symbol': 'BRK.B'}",BUY,4.0,4.0,0.0,REJECTED,2021-01-10T16:18:27+0000
218,1898273451,NORMAL,DAY,MARKET,"{'assetType': 'EQUITY', 'cusip': '458140100', 'symbol': 'INTC'}",BUY,4.0,4.0,0.0,REJECTED,2021-01-10T16:18:28+0000
219,1898273450,NORMAL,DAY,MARKET,"{'assetType': 'EQUITY', 'cusip': '438516106', 'symbol': 'HON'}",BUY,4.0,4.0,0.0,REJECTED,2021-01-10T16:18:28+0000
220,1898273457,NORMAL,DAY,MARKET,"{'assetType': 'EQUITY', 'cusip': '882508104', 'symbol': 'TXN'}",BUY,4.0,4.0,0.0,REJECTED,2021-01-10T16:18:31+0000
221,1898273456,NORMAL,DAY,MARKET,"{'assetType': 'EQUITY', 'cusip': '855244109', 'symbol': 'SBUX'}",BUY,4.0,4.0,0.0,REJECTED,2021-01-10T16:18:31+0000
222,1898273459,NORMAL,DAY,MARKET,"{'assetType': 'EQUITY', 'cusip': '92826C839', 'symbol': 'V'}",BUY,4.0,4.0,0.0,REJECTED,2021-01-10T16:18:32+0000
223,1898273458,NORMAL,DAY,MARKET,"{'assetType': 'EQUITY', 'cusip': '91324P102', 'symbol': 'UNH'}",BUY,4.0,4.0,0.0,REJECTED,2021-01-10T16:18:32+0000
224,1898273469,NORMAL,DAY,MARKET,"{'assetType': 'EQUITY', 'cusip': '254687106', 'symbol': 'DIS'}",BUY,4.0,4.0,0.0,REJECTED,2021-01-10T16:26:23+0000
225,1898273468,NORMAL,DAY,MARKET,"{'assetType': 'EQUITY', 'cusip': '084670702', 'symbol': 'BRK.B'}",BUY,4.0,4.0,0.0,REJECTED,2021-01-10T16:26:22+0000
226,1898273471,NORMAL,DAY,MARKET,"{'assetType': 'EQUITY', 'cusip': '458140100', 'symbol': 'INTC'}",BUY,4.0,4.0,0.0,REJECTED,2021-01-10T16:26:24+0000
227,1898273470,NORMAL,DAY,MARKET,"{'assetType': 'EQUITY', 'cusip': '438516106', 'symbol': 'HON'}",BUY,4.0,4.0,0.0,REJECTED,2021-01-10T16:26:24+0000
228,1898273465,NORMAL,DAY,MARKET,"{'assetType': 'EQUITY', 'cusip': '053015103', 'symbol': 'ADP'}",BUY,4.0,4.0,0.0,REJECTED,2021-01-10T16:26:21+0000
229,1898273464,NORMAL,DAY,MARKET,"{'assetType': 'EQUITY', 'cusip': 'G1151C101', 'symbol': 'ACN'}",BUY,4.0,4.0,0.0,REJECTED,2021-01-10T16:26:20+0000
230,1898273467,NORMAL,DAY,MARKET,"{'assetType': 'EQUITY', 'cusip': '110122108', 'symbol': 'BMY'}",BUY,4.0,4.0,0.0,REJECTED,2021-01-10T16:26:22+0000
231,1898273466,NORMAL,DAY,MARKET,"{'assetType': 'EQUITY', 'cusip': '038222105', 'symbol': 'AMAT'}",BUY,4.0,4.0,0.0,REJECTED,2021-01-10T16:26:22+0000
232,1898273413,NORMAL,DAY,MARKET,"{'assetType': 'EQUITY', 'cusip': '452308109', 'symbol': 'ITW'}",BUY,4.0,4.0,0.0,REJECTED,2021-01-10T16:15:10+0000
233,1898273412,NORMAL,DAY,MARKET,"{'assetType': 'EQUITY', 'cusip': '458140100', 'symbol': 'INTC'}",BUY,4.0,4.0,0.0,REJECTED,2021-01-10T16:15:10+0000
234,1898273415,NORMAL,DAY,MARKET,"{'assetType': 'EQUITY', 'cusip': 'G5960L103', 'symbol': 'MDT'}",BUY,4.0,4.0,0.0,REJECTED,2021-01-10T16:15:11+0000
235,1898273414,NORMAL,DAY,MARKET,"{'assetType': 'EQUITY', 'cusip': '478160104', 'symbol': 'JNJ'}",BUY,4.0,4.0,0.0,REJECTED,2021-01-10T16:15:11+0000
236,1898273409,NORMAL,DAY,MARKET,"{'assetType': 'EQUITY', 'cusip': '084670702', 'symbol': 'BRK.B'}",BUY,4.0,4.0,0.0,REJECTED,2021-01-10T16:15:08+0000
237,1898273408,NORMAL,DAY,MARKET,"{'assetType': 'EQUITY', 'cusip': '110122108', 'symbol': 'BMY'}",BUY,4.0,4.0,0.0,REJECTED,2021-01-10T16:15:08+0000
238,1898273411,NORMAL,DAY,MARKET,"{'assetType': 'EQUITY', 'cusip': '438516106', 'symbol': 'HON'}",BUY,4.0,4.0,0.0,REJECTED,2021-01-10T16:15:09+0000
239,1898273410,NORMAL,DAY,MARKET,"{'assetType': 'EQUITY', 'cusip': '254687106', 'symbol': 'DIS'}",BUY,4.0,4.0,0.0,REJECTED,2021-01-10T16:15:09+0000
240,1898273420,NORMAL,DAY,MARKET,"{'assetType': 'EQUITY', 'cusip': '92826C839', 'symbol': 'V'}",BUY,4.0,4.0,0.0,REJECTED,2021-01-10T16:15:14+0000
241,1898273417,NORMAL,DAY,MARKET,"{'assetType': 'EQUITY', 'cusip': '855244109', 'symbol': 'SBUX'}",BUY,4.0,4.0,0.0,REJECTED,2021-01-10T16:15:12+0000
242,1898273416,NORMAL,DAY,MARKET,"{'assetType': 'EQUITY', 'cusip': '88579Y101', 'symbol': 'MMM'}",BUY,4.0,4.0,0.0,REJECTED,2021-01-10T16:15:12+0000
243,1898273419,NORMAL,DAY,MARKET,"{'assetType': 'EQUITY', 'cusip': '91324P102', 'symbol': 'UNH'}",BUY,4.0,4.0,0.0,REJECTED,2021-01-10T16:15:14+0000
244,1898273418,NORMAL,DAY,MARKET,"{'assetType': 'EQUITY', 'cusip': '882508104', 'symbol': 'TXN'}",BUY,4.0,4.0,0.0,REJECTED,2021-01-10T16:15:13+0000
245,1898273429,NORMAL,DAY,MARKET,"{'assetType': 'EQUITY', 'cusip': '053015103', 'symbol': 'ADP'}",BUY,4.0,4.0,0.0,REJECTED,2021-01-10T16:16:16+0000
246,1898273428,NORMAL,DAY,MARKET,"{'assetType': 'EQUITY', 'cusip': 'G1151C101', 'symbol': 'ACN'}",BUY,4.0,4.0,0.0,REJECTED,2021-01-10T16:16:16+0000
247,1898273431,NORMAL,DAY,MARKET,"{'assetType': 'EQUITY', 'cusip': '110122108', 'symbol': 'BMY'}",BUY,4.0,4.0,0.0,REJECTED,2021-01-10T16:16:17+0000
248,1898273430,NORMAL,DAY,MARKET,"{'assetType': 'EQUITY', 'cusip': '038222105', 'symbol': 'AMAT'}",BUY,4.0,4.0,0.0,REJECTED,2021-01-10T16:16:17+0000
249,1898273425,NORMAL,DAY,MARKET,"{'assetType': 'EQUITY', 'cusip': 'G1151C101', 'symbol': 'ACN'}",BUY,4.0,4.0,0.0,REJECTED,2021-01-10T16:16:10+0000
250,1898273426,NORMAL,DAY,MARKET,"{'assetType': 'EQUITY', 'cusip': '053015103', 'symbol': 'ADP'}",BUY,4.0,4.0,0.0,REJECTED,2021-01-10T16:16:10+0000
251,1898273437,NORMAL,DAY,MARKET,"{'assetType': 'EQUITY', 'cusip': '478160104', 'symbol': 'JNJ'}",BUY,4.0,4.0,0.0,REJECTED,2021-01-10T16:16:20+0000
252,1898273436,NORMAL,DAY,MARKET,"{'assetType': 'EQUITY', 'cusip': '452308109', 'symbol': 'ITW'}",BUY,4.0,4.0,0.0,REJECTED,2021-01-10T16:16:20+0000
253,1898273439,NORMAL,DAY,MARKET,"{'assetType': 'EQUITY', 'cusip': '88579Y101', 'symbol': 'MMM'}",BUY,4.0,4.0,0.0,REJECTED,2021-01-10T16:16:22+0000
254,1898273438,NORMAL,DAY,MARKET,"{'assetType': 'EQUITY', 'cusip': 'G5960L103', 'symbol': 'MDT'}",BUY,4.0,4.0,0.0,REJECTED,2021-01-10T16:16:21+0000
255,1898273433,NORMAL,DAY,MARKET,"{'assetType': 'EQUITY', 'cusip': '254687106', 'symbol': 'DIS'}",BUY,4.0,4.0,0.0,REJECTED,2021-01-10T16:16:18+0000
256,1898273432,NORMAL,DAY,MARKET,"{'assetType': 'EQUITY', 'cusip': '084670702', 'symbol': 'BRK.B'}",BUY,4.0,4.0,0.0,REJECTED,2021-01-10T16:16:17+0000
257,1898273435,NORMAL,DAY,MARKET,"{'assetType': 'EQUITY', 'cusip': '458140100', 'symbol': 'INTC'}",BUY,4.0,4.0,0.0,REJECTED,2021-01-10T16:16:19+0000
258,1898273434,NORMAL,DAY,MARKET,"{'assetType': 'EQUITY', 'cusip': '438516106', 'symbol': 'HON'}",BUY,4.0,4.0,0.0,REJECTED,2021-01-10T16:16:19+0000
259,1898273509,NORMAL,DAY,MARKET,"{'assetType': 'EQUITY', 'cusip': '478160104', 'symbol': 'JNJ'}",BUY,4.0,4.0,0.0,REJECTED,2021-01-10T16:30:37+0000
260,1898273508,NORMAL,DAY,MARKET,"{'assetType': 'EQUITY', 'cusip': '452308109', 'symbol': 'ITW'}",BUY,4.0,4.0,0.0,REJECTED,2021-01-10T16:30:36+0000
261,1898273511,NORMAL,DAY,MARKET,"{'assetType': 'EQUITY', 'cusip': '88579Y101', 'symbol': 'MMM'}",BUY,4.0,4.0,0.0,REJECTED,2021-01-10T16:30:38+0000
262,1898273510,NORMAL,DAY,MARKET,"{'assetType': 'EQUITY', 'cusip': 'G5960L103', 'symbol': 'MDT'}",BUY,4.0,4.0,0.0,REJECTED,2021-01-10T16:30:37+0000
263,1898273505,NORMAL,DAY,MARKET,"{'assetType': 'EQUITY', 'cusip': '254687106', 'symbol': 'DIS'}",BUY,4.0,4.0,0.0,REJECTED,2021-01-10T16:30:35+0000
264,1898273504,NORMAL,DAY,MARKET,"{'assetType': 'EQUITY', 'cusip': '084670702', 'symbol': 'BRK.B'}",BUY,4.0,4.0,0.0,REJECTED,2021-01-10T16:30:34+0000
265,1898273507,NORMAL,DAY,MARKET,"{'assetType': 'EQUITY', 'cusip': '458140100', 'symbol': 'INTC'}",BUY,4.0,4.0,0.0,REJECTED,2021-01-10T16:30:36+0000
266,1898273506,NORMAL,DAY,MARKET,"{'assetType': 'EQUITY', 'cusip': '438516106', 'symbol': 'HON'}",BUY,4.0,4.0,0.0,REJECTED,2021-01-10T16:30:35+0000
267,1898273519,NORMAL,DAY,MARKET,"{'assetType': 'EQUITY', 'cusip': 'G1151C101', 'symbol': 'ACN'}",BUY,4.0,4.0,0.0,REJECTED,2021-01-10T16:34:49+0000
268,1898273513,NORMAL,DAY,MARKET,"{'assetType': 'EQUITY', 'cusip': '882508104', 'symbol': 'TXN'}",BUY,4.0,4.0,0.0,REJECTED,2021-01-10T16:30:39+0000
269,1898273512,NORMAL,DAY,MARKET,"{'assetType': 'EQUITY', 'cusip': '855244109', 'symbol': 'SBUX'}",BUY,4.0,4.0,0.0,REJECTED,2021-01-10T16:30:38+0000
270,1898273515,NORMAL,DAY,MARKET,"{'assetType': 'EQUITY', 'cusip': '92826C839', 'symbol': 'V'}",BUY,4.0,4.0,0.0,REJECTED,2021-01-10T16:30:40+0000
271,1898273514,NORMAL,DAY,MARKET,"{'assetType': 'EQUITY', 'cusip': '91324P102', 'symbol': 'UNH'}",BUY,4.0,4.0,0.0,REJECTED,2021-01-10T16:30:39+0000
272,1898273525,NORMAL,DAY,MARKET,"{'assetType': 'EQUITY', 'cusip': '438516106', 'symbol': 'HON'}",BUY,4.0,4.0,0.0,REJECTED,2021-01-10T16:34:53+0000
273,1898273524,NORMAL,DAY,MARKET,"{'assetType': 'EQUITY', 'cusip': '254687106', 'symbol': 'DIS'}",BUY,4.0,4.0,0.0,REJECTED,2021-01-10T16:34:52+0000
274,1898273527,NORMAL,DAY,MARKET,"{'assetType': 'EQUITY', 'cusip': '452308109', 'symbol': 'ITW'}",BUY,4.0,4.0,0.0,REJECTED,2021-01-10T16:34:54+0000
275,1898273526,NORMAL,DAY,MARKET,"{'assetType': 'EQUITY', 'cusip': '458140100', 'symbol': 'INTC'}",BUY,4.0,4.0,0.0,REJECTED,2021-01-10T16:34:53+0000
276,1898273521,NORMAL,DAY,MARKET,"{'assetType': 'EQUITY', 'cusip': '038222105', 'symbol': 'AMAT'}",BUY,4.0,4.0,0.0,REJECTED,2021-01-10T16:34:51+0000
277,1898273520,NORMAL,DAY,MARKET,"{'assetType': 'EQUITY', 'cusip': '053015103', 'symbol': 'ADP'}",BUY,4.0,4.0,0.0,REJECTED,2021-01-10T16:34:50+0000
278,1898273523,NORMAL,DAY,MARKET,"{'assetType': 'EQUITY', 'cusip': '084670702', 'symbol': 'BRK.B'}",BUY,4.0,4.0,0.0,REJECTED,2021-01-10T16:34:52+0000
279,1898273522,NORMAL,DAY,MARKET,"{'assetType': 'EQUITY', 'cusip': '110122108', 'symbol': 'BMY'}",BUY,4.0,4.0,0.0,REJECTED,2021-01-10T16:34:51+0000
280,1898273533,NORMAL,DAY,MARKET,"{'assetType': 'EQUITY', 'cusip': '91324P102', 'symbol': 'UNH'}",BUY,4.0,4.0,0.0,REJECTED,2021-01-10T16:34:57+0000
281,1898273532,NORMAL,DAY,MARKET,"{'assetType': 'EQUITY', 'cusip': '882508104', 'symbol': 'TXN'}",BUY,4.0,4.0,0.0,REJECTED,2021-01-10T16:34:56+0000
282,1898273534,NORMAL,DAY,MARKET,"{'assetType': 'EQUITY', 'cusip': '92826C839', 'symbol': 'V'}",BUY,4.0,4.0,0.0,REJECTED,2021-01-10T16:34:57+0000
283,1898273529,NORMAL,DAY,MARKET,"{'assetType': 'EQUITY', 'cusip': 'G5960L103', 'symbol': 'MDT'}",BUY,4.0,4.0,0.0,REJECTED,2021-01-10T16:34:55+0000
284,1898273528,NORMAL,DAY,MARKET,"{'assetType': 'EQUITY', 'cusip': '478160104', 'symbol': 'JNJ'}",BUY,4.0,4.0,0.0,REJECTED,2021-01-10T16:34:54+0000
285,1898273531,NORMAL,DAY,MARKET,"{'assetType': 'EQUITY', 'cusip': '855244109', 'symbol': 'SBUX'}",BUY,4.0,4.0,0.0,REJECTED,2021-01-10T16:34:56+0000
286,1898273530,NORMAL,DAY,MARKET,"{'assetType': 'EQUITY', 'cusip': '88579Y101', 'symbol': 'MMM'}",BUY,4.0,4.0,0.0,REJECTED,2021-01-10T16:34:55+0000
287,1898273477,NORMAL,DAY,MARKET,"{'assetType': 'EQUITY', 'cusip': '882508104', 'symbol': 'TXN'}",BUY,4.0,4.0,0.0,REJECTED,2021-01-10T16:26:27+0000
288,1898273476,NORMAL,DAY,MARKET,"{'assetType': 'EQUITY', 'cusip': '855244109', 'symbol': 'SBUX'}",BUY,4.0,4.0,0.0,REJECTED,2021-01-10T16:26:27+0000
289,1898273479,NORMAL,DAY,MARKET,"{'assetType': 'EQUITY', 'cusip': '92826C839', 'symbol': 'V'}",BUY,4.0,4.0,0.0,REJECTED,2021-01-10T16:26:28+0000
290,1898273478,NORMAL,DAY,MARKET,"{'assetType': 'EQUITY', 'cusip': '91324P102', 'symbol': 'UNH'}",BUY,4.0,4.0,0.0,REJECTED,2021-01-10T16:26:27+0000
291,1898273473,NORMAL,DAY,MARKET,"{'assetType': 'EQUITY', 'cusip': '478160104', 'symbol': 'JNJ'}",BUY,4.0,4.0,0.0,REJECTED,2021-01-10T16:26:25+0000
292,1898273472,NORMAL,DAY,MARKET,"{'assetType': 'EQUITY', 'cusip': '452308109', 'symbol': 'ITW'}",BUY,4.0,4.0,0.0,REJECTED,2021-01-10T16:26:25+0000
293,1898273475,NORMAL,DAY,MARKET,"{'assetType': 'EQUITY', 'cusip': '88579Y101', 'symbol': 'MMM'}",BUY,4.0,4.0,0.0,REJECTED,2021-01-10T16:26:26+0000
294,1898273474,NORMAL,DAY,MARKET,"{'assetType': 'EQUITY', 'cusip': 'G5960L103', 'symbol': 'MDT'}",BUY,4.0,4.0,0.0,REJECTED,2021-01-10T16:26:26+0000
295,1898273485,NORMAL,DAY,MARKET,"{'assetType': 'EQUITY', 'cusip': '038222105', 'symbol': 'AMAT'}",BUY,4.0,4.0,0.0,REJECTED,2021-01-10T16:28:13+0000
296,1898273484,NORMAL,DAY,MARKET,"{'assetType': 'EQUITY', 'cusip': '053015103', 'symbol': 'ADP'}",BUY,4.0,4.0,0.0,REJECTED,2021-01-10T16:28:13+0000
297,1898273487,NORMAL,DAY,MARKET,"{'assetType': 'EQUITY', 'cusip': '084670702', 'symbol': 'BRK.B'}",BUY,4.0,4.0,0.0,REJECTED,2021-01-10T16:28:14+0000
298,1898273486,NORMAL,DAY,MARKET,"{'assetType': 'EQUITY', 'cusip': '110122108', 'symbol': 'BMY'}",BUY,4.0,4.0,0.0,REJECTED,2021-01-10T16:28:14+0000
299,1898273483,NORMAL,DAY,MARKET,"{'assetType': 'EQUITY', 'cusip': 'G1151C101', 'symbol': 'ACN'}",BUY,4.0,4.0,0.0,REJECTED,2021-01-10T16:28:12+0000
300,1898273493,NORMAL,DAY,MARKET,"{'assetType': 'EQUITY', 'cusip': 'G5960L103', 'symbol': 'MDT'}",BUY,4.0,4.0,0.0,REJECTED,2021-01-10T16:28:17+0000
301,1898273492,NORMAL,DAY,MARKET,"{'assetType': 'EQUITY', 'cusip': '478160104', 'symbol': 'JNJ'}",BUY,4.0,4.0,0.0,REJECTED,2021-01-10T16:28:17+0000
302,1898273495,NORMAL,DAY,MARKET,"{'assetType': 'EQUITY', 'cusip': '855244109', 'symbol': 'SBUX'}",BUY,4.0,4.0,0.0,REJECTED,2021-01-10T16:28:18+0000
303,1898273494,NORMAL,DAY,MARKET,"{'assetType': 'EQUITY', 'cusip': '88579Y101', 'symbol': 'MMM'}",BUY,4.0,4.0,0.0,REJECTED,2021-01-10T16:28:18+0000
304,1898273489,NORMAL,DAY,MARKET,"{'assetType': 'EQUITY', 'cusip': '438516106', 'symbol': 'HON'}",BUY,4.0,4.0,0.0,REJECTED,2021-01-10T16:28:15+0000
305,1898273488,NORMAL,DAY,MARKET,"{'assetType': 'EQUITY', 'cusip': '254687106', 'symbol': 'DIS'}",BUY,4.0,4.0,0.0,REJECTED,2021-01-10T16:28:15+0000
306,1898273491,NORMAL,DAY,MARKET,"{'assetType': 'EQUITY', 'cusip': '452308109', 'symbol': 'ITW'}",BUY,4.0,4.0,0.0,REJECTED,2021-01-10T16:28:16+0000
307,1898273490,NORMAL,DAY,MARKET,"{'assetType': 'EQUITY', 'cusip': '458140100', 'symbol': 'INTC'}",BUY,4.0,4.0,0.0,REJECTED,2021-01-10T16:28:16+0000
308,1898273501,NORMAL,DAY,MARKET,"{'assetType': 'EQUITY', 'cusip': '053015103', 'symbol': 'ADP'}",BUY,4.0,4.0,0.0,REJECTED,2021-01-10T16:30:32+0000
309,1898273500,NORMAL,DAY,MARKET,"{'assetType': 'EQUITY', 'cusip': 'G1151C101', 'symbol': 'ACN'}",BUY,4.0,4.0,0.0,REJECTED,2021-01-10T16:30:31+0000
310,1898273503,NORMAL,DAY,MARKET,"{'assetType': 'EQUITY', 'cusip': '110122108', 'symbol': 'BMY'}",BUY,4.0,4.0,0.0,REJECTED,2021-01-10T16:30:33+0000
311,1898273502,NORMAL,DAY,MARKET,"{'assetType': 'EQUITY', 'cusip': '038222105', 'symbol': 'AMAT'}",BUY,4.0,4.0,0.0,REJECTED,2021-01-10T16:30:32+0000
312,1898273497,NORMAL,DAY,MARKET,"{'assetType': 'EQUITY', 'cusip': '91324P102', 'symbol': 'UNH'}",BUY,4.0,4.0,0.0,REJECTED,2021-01-10T16:28:20+0000
313,1898273496,NORMAL,DAY,MARKET,"{'assetType': 'EQUITY', 'cusip': '882508104', 'symbol': 'TXN'}",BUY,4.0,4.0,0.0,REJECTED,2021-01-10T16:28:19+0000
314,1898273498,NORMAL,DAY,MARKET,"{'assetType': 'EQUITY', 'cusip': '92826C839', 'symbol': 'V'}",BUY,4.0,4.0,0.0,REJECTED,2021-01-10T16:28:20+0000
